url,id,title,label,high_label,repo,delay_days
https://www.github.com/lukso-network/docs/commit/1b47aac1a9c969dbfd037eda1c4b0d8d277c65d0,856,Bump @docusaurus/module-type-aliases from 3.1.0 to 3.1.1,groups:family,Grouping dependencies,lukso-network/docs,0.2180787037037037
https://www.github.com/strvcom/code-quality-tools/commit/8e40dbc2c55e5905213c4b06930f306688aa065d,196,chore: bump path-parse from 1.0.6 to 1.0.7,others,Others,strvcom/code-quality-tools,27.08118055555556
https://www.github.com/mrhenry/core-web/commit/b7f3d56ed6b883b45f5aca45d3b3aaf91d05ef49,741,Bump @babel/preset-env from 7.15.0 to 7.15.4,groups:family,Grouping dependencies,mrhenry/core-web,2.3932291666666665
https://www.github.com/LibreSign/libresign/commit/5902e9c4a6cd3c6fa9d02953100cbf1e9970ac8f,2098,Chore(deps): Bump @nextcloud/moment from 1.2.2 to 1.3.0,others,Others,LibreSign/libresign,6.463865740740741
https://www.github.com/Talend/ui/commit/2679466ce0b6b272b3b18971990570745aad7753,4480,chore(deps): bump decode-uri-component from 0.2.0 to 0.2.2,others,Others,Talend/ui,28.166875
https://www.github.com/Chia-Network/cadt/commit/083cf6bb35ea51b63d2c9dd6809c4eff4be0afef,1206,chore(deps-dev): bump @babel/register from 7.25.7 to 7.25.9,groups:family,Grouping dependencies,Chia-Network/cadt,3.155277777777778
https://www.github.com/asdf-vm/actions/commit/f2e8edb0852a0cc7e0de8e7f30c2b660be13e4e9,310,Bump eslint from 7.20.0 to 7.26.0,groups:family,Grouping dependencies,asdf-vm/actions,671.8551273148148
https://www.github.com/pinojs/pino-opentelemetry-transport/commit/b4ac67dbaea26e647c58e58c98a758e3234b0d70,48,Bump @opentelemetry/exporter-logs-otlp-grpc from 0.42.0 to 0.43.0,groups:family,Grouping dependencies,pinojs/pino-opentelemetry-transport,3.735335648148148
https://www.github.com/thales-markets/contracts/commit/c801acb88149ad6e6a045977188dd071424fc823,131,Bump cross-fetch from 2.2.3 to 2.2.6,others,Others,thales-markets/contracts,0.0813888888888888
https://www.github.com/torusresearch/torus-website/commit/7f1b7e79df25f5ba1577da672b71d7f5baedf304,2122,Bump eslint-plugin-simple-import-sort from 7.0.0 to 8.0.0,groups:dev,Grouping dependencies,torusresearch/torus-website,0.0035532407407407
https://www.github.com/LibreSign/libresign/commit/ceceea1b070bd48865a8a57638b3fae7de21175c,636,Bump follow-redirects from 1.14.7 to 1.14.8,others,Others,LibreSign/libresign,3.163622685185185
https://www.github.com/sockjs/sockjs-client/commit/9147612d2d10c62d376907f7511d5b06d03a579e,511,Bump https-proxy-agent from 2.2.2 to 2.2.4,groups:family,Grouping dependencies,sockjs/sockjs-client,2.6392361111111113
https://www.github.com/msys2/setup-msys2/commit/78bbf37344fb9d9ae79fe773aa79146b5f6c4281,89,Bump @actions/tool-cache from 1.6.0 to 1.6.1,others,Others,msys2/setup-msys2,0.7472916666666666
https://www.github.com/zazuko/trifid/commit/007e2014a4632c6a6fe2c2a50c9f893e9e801cc3,513,chore(deps): bump @fastify/cookie from 9.4.0 to 10.0.1,groups:family,Grouping dependencies,zazuko/trifid,13.824664351851853
https://www.github.com/eXist-db/xst/commit/5643b000a91796b67129e3bef408845efc8c1b19,25,build(deps): bump @existdb/node-exist from 5.0.0 to 5.0.1,bug fixes,Fix bugs,eXist-db/xst,125.73358796296296
https://www.github.com/msys2/setup-msys2/commit/4873e7c83bfacc639cefb1defd5ac78936811b2f,185,Bump @vercel/ncc from 0.33.0 to 0.33.1,others,Others,msys2/setup-msys2,0.018912037037037
https://www.github.com/homebridge-plugins/homebridge-meross/commit/4a6feb89715436b45c56936fd3fdb0a37d31ffc5,487,Bump axios from 1.2.4 to 1.2.5,others,Others,homebridge-plugins/homebridge-meross,2.192858796296296
https://www.github.com/archiverjs/node-archiver/commit/22bf4cea2115bd416e7a654e829ccf41d5e355bc,633,Bump tar-stream from 2.2.0 to 3.0.0,bot:renovate,Upgraded by other bots,archiverjs/node-archiver,248.8478472222222
https://www.github.com/SAP/ui5-fs/commit/555533b285b40c3989a803a1bf41d7eff5e394c8,301,Bump eslint-plugin-jsdoc from 31.4.0 to 31.5.0,groups:family,Grouping dependencies,SAP/ui5-fs,1.1238657407407406
https://www.github.com/reconmap/web-client/commit/0acc4b925217f3d991ea11e0d325c3e29fb596fe,320,Bump @vitest/coverage-v8 from 0.33.0 to 0.34.1,groups,Grouping dependencies,reconmap/web-client,5.526041666666667
https://www.github.com/react-grid-layout/react-draggable/commit/5d48982fe4ec9c753a2cfd06c3f963be29d6da5b,571,build(deps): bump dns-packet from 1.3.1 to 1.3.4,groups,Grouping dependencies,react-grid-layout/react-draggable,90.88100694444444
https://www.github.com/mrhenry/core-web/commit/4c3d99a69028cdaf69f3e7315072c1dceb38b7f1,1155,Bump @babel/helper-module-imports from 7.16.7 to 7.18.6,groups:family,Grouping dependencies,mrhenry/core-web,4.766400462962963
https://www.github.com/Chia-Network/chia-docs/commit/9b5d753334fb989126d2be94abbeac8ea0efb72a,239,Bump ua-parser-js from 0.7.32 to 0.7.33,groups,Grouping dependencies,Chia-Network/chia-docs,4.171400462962963
https://www.github.com/Codeminer42/cm42-central/commit/5c9a8051cffaa2f540bd8b14d7b28d83f5374716,803,Bump moment from 2.29.3 to 2.29.4,groups,Grouping dependencies,Codeminer42/cm42-central,209.99284722222225
https://www.github.com/LHNCBC/lforms/commit/5d66e43eddaf11791a5a752db321e3a7b9a1ae60,79,Bump follow-redirects from 1.14.6 to 1.14.7,release-prep,Upgraded in the new release,LHNCBC/lforms,0.6676041666666667
https://www.github.com/project-zot/zui/commit/f455e262aea65935a53bd312d68df21e9be5c0da,283,build(deps): Bump luxon from 2.4.0 to 2.5.2,groups,Grouping dependencies,project-zot/zui,45.79635416666667
https://www.github.com/SAP/ui5-cli/commit/4e5b9be808105c1e1ea53723b1593f2b7cf8e427,729,[DEPENDENCY] Bump update-notifier from 7.1.0 to 7.2.0,groups,Grouping dependencies,SAP/ui5-cli,1.9164583333333332
https://www.github.com/Codeminer42/cm42-central/commit/b6f8c2020850cab51c67aab090403da54de33f08,778,Bump url-parse from 1.5.7 to 1.5.10,groups,Grouping dependencies,Codeminer42/cm42-central,113.56417824074072
https://www.github.com/AdobeDocs/app-builder/commit/7f297ba5edba4978553ea24f0786e04cc55cbbae,222,Bump @adobe/gatsby-theme-aio from 4.4.2 to 4.5.8,others,Others,AdobeDocs/app-builder,0.3531828703703703
https://www.github.com/hiero-ledger/hiero-sdk-js/commit/4e9af4eff7d5e0775558b9a2fd4f9a69e02950dc,1374,chore(deps-dev): bump vite from 3.2.5 to 4.0.4,others,Others,hiero-ledger/hiero-sdk-js,0.0896875
https://www.github.com/Apollon77/ioBroker.daikin-cloud/commit/1479e9dc87dfa1e49640035f4ab89d4cc0c5f65f,195,Bump word-wrap from 1.2.3 to 1.2.5,release-prep,Upgraded in the new release,Apollon77/ioBroker.daikin-cloud,330.74546296296296
https://www.github.com/rpldy/react-uploady/commit/eae759a109bdcdfa1961cb83fabcdcc3228b932a,868,chore(deps-dev): bump flow-bin from 0.268.0 to 0.272.2,others,Others,rpldy/react-uploady,3.1286689814814816
https://www.github.com/atlassian/better-ajv-errors/commit/ae6c4fc74d312c6c9f7848b8d53332e6e9872001,201,Bump braces from 3.0.2 to 3.0.3,bot:renovate,Upgraded by other bots,atlassian/better-ajv-errors,0.0024074074074074
https://www.github.com/torusresearch/torus-website/commit/b6532b579b778108418a001a146bc11914155062,1834,Bump vuetify from 2.6.1 to 2.6.2,groups,Grouping dependencies,torusresearch/torus-website,0.0107754629629629
https://www.github.com/open-telemetry/opentelemetry.io/commit/74c2d5af5738b959e71576c9543794edd67e9206,4424,Bump hugo-extended from 0.125.4 to 0.125.6,different-version,Upgraded to a newer version,open-telemetry/opentelemetry.io,3.1855555555555557
https://www.github.com/facebook/Rapid/commit/23efe3fec135cacdd73dc5974a8c97ad163d29a8,1246,Bump @fortawesome/free-regular-svg-icons from 6.4.2 to 6.5.1,groups:family,Grouping dependencies,facebook/Rapid,0.0972453703703703
https://www.github.com/davidmerfield/blot/commit/d719dc356654c637a282554de3245262268344c2,854,Bump esbuild from 0.17.12 to 0.25.0,groups,Grouping dependencies,davidmerfield/blot,1.376226851851852
https://www.github.com/LHNCBC/lforms/commit/5d66e43eddaf11791a5a752db321e3a7b9a1ae60,80,Bump engine.io from 6.1.0 to 6.1.1,release-prep,Upgraded in the new release,LHNCBC/lforms,0.3702893518518519
https://www.github.com/ember-learn/ember-cli-addon-docs/commit/a608dcad0ffcf788d409c8e9eb2a45def0550928,927,Bump ember-auto-import from 1.12.0 to 2.2.0,others,Others,ember-learn/ember-cli-addon-docs,0.0591550925925926
https://www.github.com/adobe/aio-theme/commit/803fa6279df1294170468cbdc21537606b40303b,498,chore(deps): bump gatsby-plugin-preact from 5.12.0 to 5.13.0,groups:family,Grouping dependencies,adobe/aio-theme,238.8486458333333
https://www.github.com/mrhenry/core-web/commit/8fc2162887870eaacb2c760d8402612aff90f7f6,1585,Bump typescript from 5.0.4 to 5.1.3,groups,Grouping dependencies,mrhenry/core-web,16.9196412037037
https://www.github.com/oslokommune/bydelsfakta/commit/7b89fbf3a893023f84c19e0ba395fb9d0595df13,239,chore(deps): bump minimist from 1.2.5 to 1.2.6,different-version,Upgraded to a newer version,oslokommune/bydelsfakta,316.4379513888889
https://www.github.com/executablebooks/sphinx-copybutton/commit/22a248591a229a6025ba06b556bc1f60618e71c1,124,⬆️ Bump hosted-git-info from 2.8.8 to 2.8.9,others,Others,executablebooks/sphinx-copybutton,30.80027777777778
https://www.github.com/mrhenry/core-web/commit/b734a94767db7d9d0926fe2069b0723b4c2b965b,1214,Bump @types/semver from 7.3.11 to 7.3.12,groups,Grouping dependencies,mrhenry/core-web,3.421030092592593
https://www.github.com/npm/eslint-config/commit/6f3160bd4fcd54d68e51d3d423a690be9a7888f6,126,deps: bump which from 4.0.0 to 5.0.0,others,Others,npm/eslint-config,0.1880671296296296
https://www.github.com/stellar/js-stellar-base/commit/0f68137745a35078702681efaf47a41b5d89cfba,565,Bump qs from 6.5.2 to 6.5.3,others,Others,stellar/js-stellar-base,0.2080439814814814
https://www.github.com/getgauge/gauge-js/commit/aa0a445c21ccabbb25ae85cd8a29eb8a5beb87ee,486,Bump klaw-sync from 3.0.2 to 6.0.0,required-source-code-changes,Required source code changes,getgauge/gauge-js,194.99274305555556
https://www.github.com/open-telemetry/opentelemetry.io/commit/ac71d426f4a359495173daf4d3fd16060b8eba3e,4333,Bump hugo-extended from 0.124.1 to 0.125.2,different-version,Upgraded to a newer version,open-telemetry/opentelemetry.io,7.6532638888888895
https://www.github.com/reconmap/web-client/commit/7ebb7b97408fd3db735d97e5b559ce6959308605,458,Bump vite from 5.4.2 to 5.4.6,groups:family,Grouping dependencies,reconmap/web-client,32.886747685185185
https://www.github.com/jellyfin/jellyfin-web/commit/d844c512a8287df3be5dd5128aadf0cdbd6a93cf,3276,Bump @babel/plugin-transform-modules-umd from 7.16.0 to 7.16.7,groups:family,Grouping dependencies,jellyfin/jellyfin-web,0.674699074074074
https://www.github.com/open-telemetry/opentelemetry.io/commit/e2500d1ba0472d9081b3dd1ca82c7100c19206e5,2133,Bump hugo-extended from 0.108.0 to 0.109.0,groups:dev,Grouping dependencies,open-telemetry/opentelemetry.io,21.41351851851852
https://www.github.com/ai/sitnik.ru/commit/f1273f095139de9858004da8ea202eb8b46a3fc2,10,Bump lodash from 4.17.15 to 4.17.19,groups,Grouping dependencies,ai/sitnik.ru,0.0218981481481481
https://www.github.com/sweetalert2/sweetalert2-react-content/commit/f6c4d45c6d63bbfc32bf3bec0f29bb2f2d20adab,266,chore(deps-dev): bump vite from 6.2.5 to 6.2.6,groups:family,Grouping dependencies,sweetalert2/sweetalert2-react-content,8.855960648148148
https://www.github.com/CityOfZion/neon-wallet/commit/52510ee81b0fa5ff66923f7b92efa79a1503b6d7,2416,build(deps): bump terser from 4.8.0 to 4.8.1,release-prep,Upgraded in the new release,CityOfZion/neon-wallet,19.392094907407408
https://www.github.com/mainmatter/ember-intl-analyzer/commit/9a615c20b2b85d731a2dc233f487316953ddbd84,485,build(deps): bump minimist from 1.2.5 to 1.2.6,bot:renovate,Upgraded by other bots,mainmatter/ember-intl-analyzer,8.339664351851852
https://www.github.com/msys2/setup-msys2/commit/b7c618093143e3372b17081e4115db5176dff8e9,138,Bump eslint from 7.26.0 to 7.27.0,others,Others,msys2/setup-msys2,0.3544097222222222
https://www.github.com/tasks/docs/commit/2fb284f6a6dabce4dc79c006244b919272daa007,5,Bump prismjs from 1.22.0 to 1.23.0,others,Others,tasks/docs,7.843402777777778
https://www.github.com/ardalis/DevIQ-gatsby/commit/5d7e897b704d6b1c2d448f10d24b24c5fb1566d8,113,Bump gatsby-plugin-canonical-urls from 2.10.0 to 4.24.0,groups:prod,Grouping dependencies,ardalis/DevIQ-gatsby,170.69141203703705
https://www.github.com/stellar/js-xdr/commit/6d5a107a905a00ac64ffa3facf4077f483f9baf9,88,Bump qs from 6.5.2 to 6.5.3,others,Others,stellar/js-xdr,131.35164351851853
https://www.github.com/visjs/vis-util/commit/4158bd2c71a943ffbe4c00a7cfe881d17f29954c,1231,build(deps): bump terser from 5.7.1 to 5.14.2,others,Others,visjs/vis-util,227.4636689814815
https://www.github.com/NativeScript/tailwind/commit/8bb6285337bfaeaf7041a3c68b3321eab54e701e,127,build(deps-dev): bump postcss from 8.4.6 to 8.4.7,groups:dev,Grouping dependencies,NativeScript/tailwind,8.537905092592593
https://www.github.com/homebridge-plugins/homebridge-meross/commit/b22b9c0f63a7f08b0ef319bade9d3dc6ba1aa839,455,Bump eslint from 8.25.0 to 8.26.0,different-version,Upgraded to a newer version,homebridge-plugins/homebridge-meross,14.56900462962963
https://www.github.com/cibernox/ember-power-calendar/commit/2e1ab7d8dd41eff592218e01d6b3af9773ce1220,257,Bump lodash from 4.17.14 to 4.17.19,others,Others,cibernox/ember-power-calendar,153.12221064814815
https://www.github.com/ipld/explore.ipld.io/commit/f822326f435e7fd2052990d7b31992d0814df062,79,chore(deps): bump @chainsafe/libp2p-noise from 5.0.0 to 5.0.3,others,Others,ipld/explore.ipld.io,310.05189814814815
https://www.github.com/ioBroker/ioBroker.s7/commit/d1abb598ebcab1d3e9e2cb1447313516262588ae,78,Bump @alcalzone/release-script from 2.2.1 to 3.4.0,groups:family,Grouping dependencies,ioBroker/ioBroker.s7,38.60126157407407
https://www.github.com/msys2/setup-msys2/commit/fc14df6aaa3c3268454c721079e80c93cc1aa3d8,100,Bump eslint from 7.16.0 to 7.17.0,others,Others,msys2/setup-msys2,0.4866782407407408
https://www.github.com/openziti/ziti-browzer-core/commit/93574ecee58868a843e053d7ea4fb5d507e1376a,36,chore(deps-dev): bump karma from 6.3.19 to 6.3.20,others,Others,openziti/ziti-browzer-core,16.249421296296298
https://www.github.com/visjs/vis-util/commit/4158bd2c71a943ffbe4c00a7cfe881d17f29954c,1102,chore(deps): bump minimist from 1.2.5 to 1.2.6,others,Others,visjs/vis-util,344.2165509259259
https://www.github.com/SUI-Components/sui/commit/91f5741550053ad18891dfba3c841f078340ecff,1881,upgrade(deps): bump @babel/cli from 7.25.9 to 7.26.4,groups:family,Grouping dependencies,SUI-Components/sui,27.509143518518517
https://www.github.com/LanceMcCarthy/Action-AzureBlobUpload/commit/9d5ccde0995ad463d08b24dab708628365cd1ab8,279,Bump eslint-plugin-jest from 26.7.0 to 27.0.1,groups:family,Grouping dependencies,LanceMcCarthy/Action-AzureBlobUpload,0.0228472222222222
https://www.github.com/mrhenry/core-web/commit/4c3d99a69028cdaf69f3e7315072c1dceb38b7f1,1154,Bump @babel/cli from 7.17.10 to 7.18.6,release-prep,Upgraded in the new release,mrhenry/core-web,4.766516203703704
https://www.github.com/Chia-Network/cadt/commit/f2342377d222c22628908d161e5239f41e597515,713,chore(deps): bump moment-timezone from 0.5.34 to 0.5.37,release-prep,Upgraded in the new release,Chia-Network/cadt,246.7236458333333
https://www.github.com/incubateur-ademe/nosgestesclimat/commit/f8733ecc57ad21a89dbf05f9f6fe259758269367,1,Bump minimist from 1.2.0 to 1.2.5,others,Others,incubateur-ademe/nosgestesclimat,0.0090972222222222
https://www.github.com/iobroker-community-adapters/ioBroker.snmp/commit/634324169551df682299c732f1d285d7545c196c,326,Bump sinon from 15.2.0 to 16.0.0,groups:family,Grouping dependencies,iobroker-community-adapters/ioBroker.snmp,24.7625
https://www.github.com/torusresearch/torus-website/commit/fe719802afecac6f3878d898042e37f671f71075,1689,Bump @babel/eslint-parser from 7.15.0 to 7.15.4,groups,Grouping dependencies,torusresearch/torus-website,10.46255787037037
https://www.github.com/mrhenry/core-web/commit/fba2d8f62edccfd7755c3a5629da27725feed20c,1222,Bump polyfill-library from 4.3.0 to 4.4.0,others,Others,mrhenry/core-web,0.3370486111111111
https://www.github.com/playcanvas/engine/commit/8862ff5d8855b178e58e49e053e1ef6e13e1788b,4686,Bump fflate from 0.7.3 to 0.7.4,groups:dev,Grouping dependencies,playcanvas/engine,0.1679282407407407
https://www.github.com/devsonket/devsonket.github.io/commit/5272d7e232f673e15dcb2907c7e208ae41712083,911,Bump qs from 6.5.2 to 6.5.3,others,Others,devsonket/devsonket.github.io,0.1446990740740741
https://www.github.com/timbeadle/grunt-tv4/commit/be0db23f318849dc0d335d43098b42e57a75ebf4,1219,Bump @snyk/protect from 1.1284.0 to 1.1285.0,bot:renovate,Upgraded by other bots,timbeadle/grunt-tv4,6.269745370370369
https://www.github.com/iden3/ffjavascript/commit/58654515040468954d607e071450bcb835f6c8ca,3,Bump lodash from 4.17.15 to 4.17.19,others,Others,iden3/ffjavascript,22.90030092592593
https://www.github.com/elwayman02/ember-scroll-modifiers/commit/6602dc04c164cc8a5579cbb681d81d7d449e424b,896,[skip netlify]: Bump eslint-plugin-qunit from 7.3.4 to 8.0.0,required-source-code-changes,Required source code changes,elwayman02/ember-scroll-modifiers,51.45408564814815
https://www.github.com/readmeio/rdme/commit/86005541815b1810f2483f15a2bd579e14b82619,828,chore(deps-dev): bump type-fest from 3.11.1 to 3.12.0,groups,Grouping dependencies,readmeio/rdme,4.638194444444444
https://www.github.com/ioBroker/ioBroker.lovelace/commit/2895729c69df119704e8064e124028e6e674663f,363,Bump @types/node from 17.0.30 to 17.0.38,groups:family,Grouping dependencies,ioBroker/ioBroker.lovelace,4.294432870370371
https://www.github.com/contentful/contentful-resolve-response/commit/37889b7ad168f35adac2f29fdf60252d8958e000,40,build(deps-dev): bump semantic-release from 17.1.1 to 17.2.3,groups:family,Grouping dependencies,contentful/contentful-resolve-response,462.59260416666666
https://www.github.com/homebridge-plugins/homebridge-meross/commit/ed58764c7b43ac14dd51942f262c6087d90a3a0d,469,Bump eslint from 8.28.0 to 8.29.0,others,Others,homebridge-plugins/homebridge-meross,5.178495370370371
https://www.github.com/Nexusoft/NexusInterface/commit/4311d92f28c9852d42f6ab207187a374282107c8,229,Bump @babel/traverse from 7.22.10 to 7.23.7,groups:dev,Grouping dependencies,Nexusoft/NexusInterface,0.212662037037037
https://www.github.com/msys2/setup-msys2/commit/6adf22d5ad00fc7391ec0c3098a9a3509738b3a9,65,Bump @actions/core from 1.2.4 to 1.2.5,others,Others,msys2/setup-msys2,0.0014004629629629
https://www.github.com/TurboWarp/desktop/commit/b06e1d296309fe6146865815a9f42fa07eb1b393,981,Bump @babel/core from 7.24.4 to 7.24.5,others,Others,TurboWarp/desktop,2.901412037037037
https://www.github.com/dhis2/capture-app/commit/e7dfdd84ca37e626177673651e9a149d1c66a2f9,1717,chore(deps): bump react-popper from 2.2.4 to 2.2.5,others,Others,dhis2/capture-app,171.28552083333332
https://www.github.com/andyholmes/flatter/commit/a4cc2b65a654af68b7b572de280d9b6324821485,7,chore(deps): bump js-yaml from 3.14.1 to 4.1.0,others,Others,andyholmes/flatter,0.18125
https://www.github.com/klein0r/ioBroker.lametric/commit/55db9d79dc7c26556a60a0ceb4a7343b265f815e,175,Bump mocha from 10.2.0 to 10.3.0,groups:dev,Grouping dependencies,klein0r/ioBroker.lametric,0.3525578703703704
https://www.github.com/arteck/ioBroker.hs100/commit/cdefc96548cb186897ab1c86db7ffe7a4971ce58,292,Bump @types/node from 22.10.3 to 22.15.3,release-prep,Upgraded in the new release,arteck/ioBroker.hs100,15.127546296296297
https://www.github.com/SAP/ui5-fs/commit/555533b285b40c3989a803a1bf41d7eff5e394c8,300,Bump eslint from 7.18.0 to 7.19.0,groups:family,Grouping dependencies,SAP/ui5-fs,1.1239930555555555
https://www.github.com/simatec/ioBroker.backitup/commit/a5a72cc2f0da183fc235fe90212174a36da94f39,1223,Bump @googleapis/drive from 8.14.0 to 8.16.0,others,Others,simatec/ioBroker.backitup,1.5405787037037035
https://www.github.com/domits1/Domits/commit/66f78804d67d00b8bb217d8db3af5b14c8f6cf9a,1713,Bump @stripe/react-stripe-js from 3.4.0 to 3.5.0,others,Others,domits1/Domits,0.2675925925925925
https://www.github.com/timbru31/spigot-anti-piracy-backend/commit/f15a41d9406c58ed0da85bd3e1029376c133fc9b,980,build(deps-dev): bump @typescript-eslint/parser from 6.21.0 to 7.0.1,groups,Grouping dependencies,timbru31/spigot-anti-piracy-backend,196.96854166666665
https://www.github.com/simatec/ioBroker.backitup/commit/8b3288dc1f2eb9a176c531065f1f5e3ec4f959fb,1180,Bump mocha from 10.7.3 to 10.8.2,others,Others,simatec/ioBroker.backitup,0.3673842592592592
https://www.github.com/ember-cli/ember-exam/commit/020d84bb58c1faa17718c7ae52f158d56ea6c1ca,752,Bump eslint from 7.32.0 to 8.1.0,others,Others,ember-cli/ember-exam,40.70133101851851
https://www.github.com/nextcloud/tasks/commit/d7b23c8b47d57abaf33ef5238007d67f0e7556ba,2866,Chore(deps): Bump @nextcloud/cdav-library from 2.0.0 to 2.1.0,groups:family,Grouping dependencies,nextcloud/tasks,3.2460879629629633
https://www.github.com/scaleflex/filerobot-image-editor/commit/cc8a84cae66402e282bd4f121c6780fa6ec458c5,169,Bump minimist from 1.2.5 to 1.2.6,others,Others,scaleflex/filerobot-image-editor,0.0046180555555555
https://www.github.com/mrhenry/core-web/commit/fe133a0fac7bf40ec9c169f63e9e1862f986c067,1345,Bump webpack from 5.74.0 to 5.75.0,others,Others,mrhenry/core-web,1.360324074074074
https://www.github.com/stellar/js-xdr/commit/6d5a107a905a00ac64ffa3facf4077f483f9baf9,86,Bump loader-utils from 1.4.0 to 1.4.2,release-prep,Upgraded in the new release,stellar/js-xdr,157.18244212962964
https://www.github.com/nextcloud/twofactor_totp/commit/6e2e1944de16a168d248a1c61d4cf440f25403e0,1184,Bump follow-redirects from 1.14.7 to 1.14.8,required-source-code-changes,Required source code changes,nextcloud/twofactor_totp,16.942083333333333
https://www.github.com/aiko-chan-ai/discord.js-selfbot-v13/commit/e3d842db53808285355e966e5b991a1245204996,139,Bump discord-api-types from 0.33.1 to 0.33.2,others,Others,aiko-chan-ai/discord.js-selfbot-v13,1.739039351851852
https://www.github.com/timbeadle/grunt-tv4/commit/87e40312e4a8cbbd83d16280a72294cee8b1120e,834,Bump @snyk/protect from 1.1139.0 to 1.1140.0,bot:renovate,Upgraded by other bots,timbeadle/grunt-tv4,1.9666666666666668
https://www.github.com/third-culture-software/bhima/commit/8b48a9e4870258196421d88c5c175099e28bff8c,7984,chore(deps-dev): bump @playwright/test from 1.49.1 to 1.50.0,groups,Grouping dependencies,third-culture-software/bhima,4.478460648148149
https://www.github.com/msys2/setup-msys2/commit/66f6d9bfe3655eb4a6daed429e4da6d1586b7bd4,239,Bump eslint from 8.18.0 to 8.19.0,groups,Grouping dependencies,msys2/setup-msys2,40.19606481481482
https://www.github.com/Chia-Network/cadt/commit/70cae33325f74ab661be2fda14334ff3c217d32a,671,chore(deps): bump moment from 2.29.3 to 2.29.4,others,Others,Chia-Network/cadt,12.886736111111112
https://www.github.com/timbeadle/grunt-tv4/commit/c1da15ef4e4c05782fd6bb251f5d9d9276ecd18b,1066,Bump @snyk/protect from 1.1234.0 to 1.1235.0,bot:renovate,Upgraded by other bots,timbeadle/grunt-tv4,1.3025694444444444
https://www.github.com/third-culture-software/bhima/commit/87361b20755a01cafc0a947ef991253f94b55008,8102,chore(deps-dev): bump eslint-plugin-jsdoc from 50.6.9 to 50.6.10,groups,Grouping dependencies,third-culture-software/bhima,4.419085648148148
https://www.github.com/LDflex/LDflex/commit/6e856eb2229a5242352089426937651d760574e7,245,chore(deps-dev): bump @ldflex/comunica from 4.2.1 to 5.0.0,groups,Grouping dependencies,LDflex/LDflex,756.5937268518518
https://www.github.com/emberjs/ember-inspector/commit/be0c5f29ab028a493372b10f351bafd38782c03f,2436,build(deps-dev): bump prettier from 2.8.1 to 3.0.0,groups,Grouping dependencies,emberjs/ember-inspector,462.2148958333333
https://www.github.com/adiwg/mdEditor/commit/d40bd35b1c8fd1d344fce72570e84616cc1cf946,435,Bump y18n from 4.0.0 to 4.0.1,groups:dev,Grouping dependencies,adiwg/mdEditor,22.11153935185185
https://www.github.com/NorthernMan54/homebridge-alexa/commit/9e6318dbc9629df0293d4c6c85de4e562718911f,598,Bump documentation from 14.0.2 to 14.0.3,groups,Grouping dependencies,NorthernMan54/homebridge-alexa,50.195914351851854
https://www.github.com/mrhenry/core-web/commit/5a30ac3173554c08b37ec213c728d5e58d63f610,883,Bump @mdn/browser-compat-data from 4.1.0 to 4.1.1,groups,Grouping dependencies,mrhenry/core-web,0.8987152777777778
https://www.github.com/ioBroker/ioBroker.lovelace/commit/eabda79a82e6ec3d6eb7ce9b27fa935d7b2b1854,436,Bump @iobroker/adapter-core from 2.6.7 to 2.6.8,groups,Grouping dependencies,ioBroker/ioBroker.lovelace,52.24730324074074
https://www.github.com/iobroker-community-adapters/ioBroker.ical/commit/8c8426abdf5b9ebf8744b7fcc5d59957b1f2ec3f,205,Bump eslint from 7.16.0 to 7.17.0,groups,Grouping dependencies,iobroker-community-adapters/ioBroker.ical,7.747071759259259
https://www.github.com/regseb/castkodi/commit/ca73fe29fb3a8a1c1a8694a98961d5da66d26ef8,126,chore(deps): bump linkedom from 0.16.8 to 0.16.10,groups,Grouping dependencies,regseb/castkodi,12.519409722222225
https://www.github.com/nextcloud/tasks/commit/d0bbe0228ee21fdcaf416c15ee460dad4f8cbd2e,2511,Build(deps-dev): Bump @vue/test-utils from 2.4.4 to 2.4.5,others,Others,nextcloud/tasks,53.20243055555556
https://www.github.com/noobaa/noobaa-core/commit/a2cf5a9f5b8c7bea452ca268d8348d8db47a56e6,5496,Bump uglify-js from 2.4.24 to 3.5.15,others,Others,noobaa/noobaa-core,0.8951041666666667
https://www.github.com/LHNCBC/lforms/commit/ab22d26c76580049f5f8f5b0cdde3a610c245128,81,Bump shelljs from 0.8.4 to 0.8.5,others,Others,LHNCBC/lforms,5.487685185185185
https://www.github.com/Patternslib/Patterns/commit/fb5bb6a3eec919cce0f46bc8d510b168c39a6c1f,1151,build(deps): bump vm2 from 3.9.16 to 3.9.17,others,Others,Patternslib/Patterns,1.1079513888888888
https://www.github.com/VerusCoin/Verus-Mobile/commit/cf71bae35a2b0139a52d01e2a2989b572a3949ee,81,Bump tar from 4.4.13 to 4.4.15,groups,Grouping dependencies,VerusCoin/Verus-Mobile,53.179293981481486
https://www.github.com/rentalutions/elements/commit/ed89aa8aed2a1fa4570e2df590eed41777ffbaa5,209,chore(deps): bump decode-uri-component from 0.2.0 to 0.2.2,core-lib-major-upgrade,Upgraded along a core library,rentalutions/elements,4.83800925925926
https://www.github.com/cylc/cylc-ui/commit/5e0dc0b668224ed036b224f60ac6de12c5115578,856,Bump nodemon from 2.0.13 to 2.0.15,groups,Grouping dependencies,cylc/cylc-ui,50.19394675925926
https://www.github.com/lukso-network/docs/commit/d7eed931b55c761649a41a30d94cd1d1d47fa5a2,950,Bump sass from 1.74.1 to 1.75.0,different-version,Upgraded to a newer version,lukso-network/docs,31.941435185185185
https://www.github.com/Patternslib/Patterns/commit/a89a751ea6da4c8e4d0f255936f04cf6aad3f3f3,849,build(deps): bump dns-packet from 1.3.1 to 1.3.4,groups,Grouping dependencies,Patternslib/Patterns,9.280405092592591
https://www.github.com/jellyfin/jellyfin-web/commit/9895be1c318acf3d30c7537224400ed617594c4d,4418,Bump webpack from 5.75.0 to 5.76.0,bot:renovate,Upgraded by other bots,jellyfin/jellyfin-web,0.3738888888888889
https://www.github.com/timbeadle/grunt-tv4/commit/b94edb5112bda5c3ccb915c462dbdcceb9fcf571,1293,Bump ls-engines from 0.9.1 to 0.9.2,bot:renovate,Upgraded by other bots,timbeadle/grunt-tv4,6.417199074074074
https://www.github.com/checkout/checkout-sdk-node/commit/9927c57f92d11bd574f6300a0d3f43798abe7e03,361,Bump @babel/traverse from 7.20.5 to 7.23.2,groups,Grouping dependencies,checkout/checkout-sdk-node,8.604849537037037
https://www.github.com/cylc/cylc-ui/commit/3ef48647f70e7fd593b85dcffd53545ff37bd697,2012,Bump vue-i18n from 10.0.4 to 10.0.5,bot:renovate,Upgraded by other bots,cylc/cylc-ui,0.0555787037037037
https://www.github.com/msys2/setup-msys2/commit/6aef0f4607055866699a3d2143d87974fe792790,513,Bump eslint-plugin-jsdoc from 50.8.0 to 51.0.1,groups:family,Grouping dependencies,msys2/setup-msys2,4.518020833333333
https://www.github.com/Chia-Network/cadt/commit/626e127b911dc67b98c8659a7d276d677615f358,1290,build(deps-dev): bump @yao-pkg/pkg from 6.3.1 to 6.3.2,groups:dev,Grouping dependencies,Chia-Network/cadt,7.190173611111111
https://www.github.com/iobroker-community-adapters/ioBroker.ical/commit/6e13cdbe2dadb9f4ff7a4f5d5c069a1be6b5669f,231,Bump chai from 4.3.3 to 4.3.4,groups,Grouping dependencies,iobroker-community-adapters/ioBroker.ical,17.50675925925926
https://www.github.com/winstonjs/winston-mongodb/commit/da7484155fa3c32c867a15d9dd91a83849306825,223,build(deps): bump mongodb from 3.7.3 to 5.7.0,required-source-code-changes,Required source code changes,winstonjs/winston-mongodb,434.48413194444447
https://www.github.com/Chia-Network/cadt/commit/db4e27a01e1786066a9b564af6eb234ac4b3ce77,1103,build(deps): bump mysql2 from 3.9.7 to 3.9.8,groups:dev,Grouping dependencies,Chia-Network/cadt,3.215034722222222
https://www.github.com/third-culture-software/bhima/commit/a99ff240fc7e153f43e731aa55e1502e40beea13,7733,chore(deps): bump json-2-csv from 5.5.5 to 5.5.6,groups,Grouping dependencies,third-culture-software/bhima,0.4197569444444444
https://www.github.com/cylc/cylc-ui/commit/3e00aa288bdaaa3865fb1a1c43a8e1d8d8b69623,2083,build(deps): bump vue-i18n from 11.1.1 to 11.1.2,bot:renovate,Upgraded by other bots,cylc/cylc-ui,0.15375
https://www.github.com/LanceMcCarthy/Action-AzureBlobUpload/commit/824636ef66ac4b79f2aad109510562a47ee0007b,455,build(deps-dev): bump eslint-plugin-jest from 28.6.0 to 28.8.1,groups:family,Grouping dependencies,LanceMcCarthy/Action-AzureBlobUpload,1.2852893518518518
https://www.github.com/stellar/js-xdr/commit/6d5a107a905a00ac64ffa3facf4077f483f9baf9,71,Bump path-parse from 1.0.6 to 1.0.7,release-prep,Upgraded in the new release,stellar/js-xdr,616.5207060185186
https://www.github.com/iobroker-community-adapters/ioBroker.worx/commit/9ba8b739204b70e7417e4d094b081bc2ef2c2718,655,chore(deps-dev): bump typescript from 4.9.5 to 5.0.2,groups,Grouping dependencies,iobroker-community-adapters/ioBroker.worx,10.199502314814817
https://www.github.com/fastify/benchmarks/commit/7124c35cf0dcff3a40d9365d44a5992d5ff61115,266,chore(deps): bump @hapi/hapi from 20.2.2 to 21.0.0,groups,Grouping dependencies,fastify/benchmarks,47.65869212962963
https://www.github.com/lukso-network/docs/commit/1b47aac1a9c969dbfd037eda1c4b0d8d277c65d0,859,Bump @docusaurus/plugin-client-redirects from 3.1.0 to 3.1.1,groups:family,Grouping dependencies,lukso-network/docs,0.2170138888888888
https://www.github.com/readmeio/rdme/commit/6b8de742c2571cb172d7bc468d45006d1f37baf4,754,chore(deps-dev): bump prettier from 2.8.3 to 2.8.4,others,Others,readmeio/rdme,17.987465277777776
https://www.github.com/codefresh-io/cli/commit/a1750cb70f2a3325468ca19129848e36015bd026,728,Bump requestretry from 3.1.0 to 7.0.0,release-prep,Upgraded in the new release,codefresh-io/cli,26.666921296296294
https://www.github.com/mrhenry/core-web/commit/558e22d340ce7438441432fb915a64c60f4e70c6,1044,Bump semver from 7.3.5 to 7.3.6,different-version,Upgraded to a newer version,mrhenry/core-web,17.41587962962963
https://www.github.com/jsonwebtoken/jsonwebtoken.github.io/commit/540a21db716cfb88541db8bd93accd79bb0001d5,603,Bump y18n from 3.2.1 to 3.2.2,others,Others,jsonwebtoken/jsonwebtoken.github.io,84.93912037037036
https://www.github.com/dhis2/capture-app/commit/b5b0951c1f00f0e442497873eea3e8759b058ec3,1077,chore(deps): bump react-dnd from 8.0.2 to 11.1.3,others,Others,dhis2/capture-app,0.1906018518518518
https://www.github.com/recharts/recharts.org/commit/7a5e5cb9da1bcd31d717fda43f875138b3c18945,200,build(deps): bump loader-utils from 1.4.0 to 1.4.1,others,Others,recharts/recharts.org,29.69207175925926
https://www.github.com/conversejs/converse.js/commit/27bc54855299cbe37b1037279a95b88779df2e03,2541,Bump file-loader from 6.0.0 to 6.2.0,groups:dev,Grouping dependencies,conversejs/converse.js,0.0088888888888888
https://www.github.com/RabbitHouseCorp/ChinoKafuu/commit/dbbd19fddc0ecd63af20969978e03e91164b74c3,415,build(deps): bump chalk from 4.1.2 to 5.2.0,others,Others,RabbitHouseCorp/ChinoKafuu,29.57253472222222
https://www.github.com/cloud-gov/pages-core/commit/d4882c886c02537ccaa3113f40329fd37459ddb7,3909,Bump pg-native from 3.0.0 to 3.0.1,groups,Grouping dependencies,cloud-gov/pages-core,12.910949074074074
https://www.github.com/third-culture-software/bhima/commit/b0e318d9aee570b42febc8f6ab75699332e9ff23,7866,chore(deps): bump caniuse-lite from 1.0.30001679 to 1.0.30001680,groups,Grouping dependencies,third-culture-software/bhima,0.6415509259259259
https://www.github.com/ever-co/ever-traduora/commit/52f8d672d9a4451fa60d5fb3c654d5a800c54faa,292,build(deps): bump node-fetch from 2.6.2 to 2.6.7,others,Others,ever-co/ever-traduora,0.0797916666666666
https://www.github.com/mrhenry/core-web/commit/dda1e6f651e215263117f6cb486949f0e6169214,1361,Bump @babel/core from 7.20.2 to 7.20.5,others,Others,mrhenry/core-web,0.3168634259259259
https://www.github.com/CircuitVerse/cv-frontend-vue/commit/85a684a3ee7187751f0e3a067d49900cdeb28a5d,267,build(deps): bump postcss from 8.4.14 to 8.4.33,different-version,Upgraded to a newer version,CircuitVerse/cv-frontend-vue,158.9062962962963
https://www.github.com/timbeadle/grunt-tv4/commit/0fc75edba4c039ac1df96fae81dcebda409d6514,751,Bump prettier from 2.8.2 to 2.8.3,bot:renovate,Upgraded by other bots,timbeadle/grunt-tv4,6.672164351851851
https://www.github.com/msys2/setup-msys2/commit/484d0ee29914a192fd35e46b49546fed6914fa5c,156,Bump @vercel/ncc from 0.29.0 to 0.29.1,others,Others,msys2/setup-msys2,3.253472222222222
https://www.github.com/timbeadle/grunt-tv4/commit/5a8efd8f99f289a84a7bd3625f7b4c2815363b81,981,Bump eslint from 8.47.0 to 8.48.0,bot:renovate,Upgraded by other bots,timbeadle/grunt-tv4,2.344085648148148
https://www.github.com/tracked-tools/tracked-toolbox/commit/a5a3da989a1cc64476e5c9d5cb4ada3fdcb2f21e,3,Bump acorn from 5.7.3 to 5.7.4,others,Others,tracked-tools/tracked-toolbox,592.0910416666667
https://www.github.com/jsonwebtoken/jsonwebtoken.github.io/commit/71f45e04913bf0f13abd17f0d64df80b9c483685,458,Bump https-proxy-agent from 2.2.1 to 2.2.4,others,Others,jsonwebtoken/jsonwebtoken.github.io,112.17267361111112
https://www.github.com/lumigo-io/lumigo-node/commit/969772b36c12146d9177d6429cd2f312c0c34d71,249,chore(deps): bump y18n from 4.0.0 to 4.0.1,others,Others,lumigo-io/lumigo-node,42.61020833333333
https://www.github.com/techmatters/terraso-web-client/commit/4eaa6e40a22469163d851e4205ff47392a3d4605,1554,build(deps): Bump mapbox-gl from 2.15.0 to 3.1.2,required-source-code-changes,Required source code changes,techmatters/terraso-web-client,9.833078703703704
https://www.github.com/ldbv-by/bav4/commit/957d040b636b7148e13b0dd581b6b84a59f75ecf,1733,build(deps-dev): bump @playwright/test from 1.32.2 to 1.34.3,groups:family,Grouping dependencies,ldbv-by/bav4,0.937789351851852
https://www.github.com/Chia-Network/cadt/commit/f2342377d222c22628908d161e5239f41e597515,765,chore(deps): bump engine.io from 6.2.0 to 6.2.1,release-prep,Upgraded in the new release,Chia-Network/cadt,163.70898148148146
https://www.github.com/domits1/Domits/commit/2bdc8188b6e1970a895222aa61844797dfd56ce5,1879,Bump axios from 1.8.2 to 1.9.0,others,Others,domits1/Domits,17.28502314814815
https://www.github.com/jcubic/lips/commit/427c4f941970fc655ed7ad7a2d8a15d6593ecf3d,133,Bump prismjs from 1.22.0 to 1.23.0,others,Others,jcubic/lips,0.4695601851851851
https://www.github.com/jenkins-infra/plugin-site/commit/7768ce6ddd712ab0db21ff909a386c4d3cfc7ed9,710,Bump gatsby-plugin-sharp from 3.4.0 to 3.6.0,groups:family,Grouping dependencies,jenkins-infra/plugin-site,0.9594444444444444
https://www.github.com/adobe/aio-theme/commit/4879eff321e4ba849461899e163a69a47cd943b8,387,chore(deps): Bump @spectrum-css/modal from 3.0.1 to 3.0.2,required-source-code-changes,Required source code changes,adobe/aio-theme,384.63598379629633
https://www.github.com/ioBroker/ioBroker.lovelace/commit/bdcf440d2728d8fd33d5fec8b0016d61d0855699,296,Bump multer from 1.4.3 to 1.4.4,groups,Grouping dependencies,ioBroker/ioBroker.lovelace,5.199537037037037
https://www.github.com/iobroker-community-adapters/ioBroker.solarlog/commit/f48053a0d4193b718de066af90c449eba3aeb387,174,Bump sinon from 16.1.3 to 17.0.0,groups:family,Grouping dependencies,iobroker-community-adapters/ioBroker.solarlog,179.50119212962963
https://www.github.com/checkout/checkout-sdk-node/commit/b24ab825b11dd9758f16cb0bb7d10f57bbb36480,353,Bump word-wrap from 1.2.3 to 1.2.4,different-version,Upgraded to a newer version,checkout/checkout-sdk-node,14.60863425925926
https://www.github.com/cnumr/EcoIndex/commit/df653f6dc105701a43ff110712900f2f89286130,227,Bump ky from 0.33.0 to 0.33.1,groups,Grouping dependencies,cnumr/EcoIndex,0.6241898148148148
https://www.github.com/mrhenry/core-web/commit/15244e0db722f76a2f639132dffae03ed985ead5,1371,Bump typescript from 4.9.3 to 4.9.4,others,Others,mrhenry/core-web,1.363414351851852
https://www.github.com/elwayman02/ember-scroll-modifiers/commit/6d8374f476c38c55d2262d508a764f7ecc4db641,517,[skip netlify]: Bump eslint-plugin-ember from 10.5.7 to 10.5.8,different-version,Upgraded to a newer version,elwayman02/ember-scroll-modifiers,165.46681712962962
https://www.github.com/mrhenry/core-web/commit/ae83764e74564969034912a1541914a4e46b121b,1014,Bump @babel/parser from 7.17.3 to 7.17.7,different-version,Upgraded to a newer version,mrhenry/core-web,6.331956018518518
https://www.github.com/NodeSecure/js-x-ray/commit/7ee39d9d0838034c6dcba5385581173b0a4cd8ba,4,chore(deps): bump is-svg from 4.2.1 to 4.3.1,others,Others,NodeSecure/js-x-ray,74.3861111111111
https://www.github.com/adopted-ember-addons/ember-launch-darkly/commit/10a57f59e2bfd92f64f07d0e0b70280f584fb9ae,462,Bump @embroider/test-setup from 2.1.1 to 3.0.1,change-lockfile,Create lockfile,adopted-ember-addons/ember-launch-darkly,680.6225694444445
https://www.github.com/apache/cordova-js/commit/c7d3dc053662cf9b2ab4c200aa83966610d098fc,254,Bump follow-redirects from 1.14.1 to 1.15.1,others,Others,apache/cordova-js,2.462303240740741
https://www.github.com/project-zot/zui/commit/9eeb00e801da33d9d4be94ba16f67af26645e1df,280,build(deps): Bump json5 from 1.0.1 to 1.0.2,others,Others,project-zot/zui,4.3642361111111105
https://www.github.com/mrhenry/core-web/commit/fe133a0fac7bf40ec9c169f63e9e1862f986c067,1343,Bump @babel/parser from 7.20.2 to 7.20.3,groups:family,Grouping dependencies,mrhenry/core-web,3.3604861111111113
https://www.github.com/torusresearch/torus-website/commit/3e706ef8302741aca3f21db9c316eafb5fe25f77,2033,Bump core-js from 3.23.4 to 3.23.5,groups,Grouping dependencies,torusresearch/torus-website,17.400648148148147
https://www.github.com/carloscuesta/gitmoji-cli/commit/b8baee04f5c2bfae97586f6ec5dd6a7ed7733271,927,⬆️ Bump vm2 from 3.9.7 to 3.9.11,groups,Grouping dependencies,carloscuesta/gitmoji-cli,1.157951388888889
https://www.github.com/cylc/cylc-ui/commit/b0469a34774242d1bdbb197bc730d51ab416e5a4,2048,build(deps-dev): bump vite from 6.0.7 to 6.0.9,bot:renovate,Upgraded by other bots,cylc/cylc-ui,0.22625
https://www.github.com/msys2/setup-msys2/commit/386f1d7966f47f3c8a1cc44800f63ba68507c068,96,Bump @actions/cache from 1.0.4 to 1.0.5,others,Others,msys2/setup-msys2,0.001261574074074
https://www.github.com/third-culture-software/bhima/commit/13daef7b50ad6673a240ca462c8cef6dd341255d,7834,chore(deps): bump nodemailer from 6.9.15 to 6.9.16,groups,Grouping dependencies,third-culture-software/bhima,0.5449189814814814
https://www.github.com/clearlydefined/crawler/commit/1b3467c723c38f873a0b6d316676ac0fb5f54281,507,Bump decode-uri-component from 0.2.0 to 0.2.2,groups,Grouping dependencies,clearlydefined/crawler,284.9363773148148
https://www.github.com/ember-bootstrap/ember-bootstrap/commit/31155520b4c27fe09ccb170358922c7c92b003cd,1955,Bump postcss from 8.4.23 to 8.4.31,operator,Change operator,ember-bootstrap/ember-bootstrap,29.713310185185183
https://www.github.com/cylc/cylc-ui/commit/0932f42ef7d9b9f0051e2c98d7164b531afd8bb5,850,Bump vue-i18n from 8.26.5 to 8.26.7,groups,Grouping dependencies,cylc/cylc-ui,4.265520833333333
https://www.github.com/third-culture-software/bhima/commit/a5b6a948e30252aca908a7d4b065612dd6701438,7043,chore(deps-dev): bump cssnano from 6.0.0 to 6.0.1,groups,Grouping dependencies,third-culture-software/bhima,8.142916666666666
https://www.github.com/ember-bootstrap/ember-bootstrap/commit/cc956265b496d47c0a64c167c57e82e4fad32477,1951,Bump get-func-name from 2.0.0 to 2.0.2,bot:renovate,Upgraded by other bots,ember-bootstrap/ember-bootstrap,38.9141087962963
https://www.github.com/cylc/cylc-ui/commit/b82048c53cad48f14b9eb697e57718f743835b03,901,Bump eslint-plugin-vue from 8.1.1 to 8.4.0,groups,Grouping dependencies,cylc/cylc-ui,0.9430787037037036
https://www.github.com/Codeminer42/cm42-central/commit/ac7efcb1841c4a782294e36b02326f9157897239,924,Chore(deps-dev): Bump vite from 4.5.3 to 4.5.5,groups,Grouping dependencies,Codeminer42/cm42-central,44.41862268518519
https://www.github.com/ember-learn/ember-cli-addon-docs/commit/a608dcad0ffcf788d409c8e9eb2a45def0550928,931,Bump chalk from 4.1.1 to 4.1.2,others,Others,ember-learn/ember-cli-addon-docs,0.0578703703703703
https://www.github.com/playcanvas/engine/commit/05630f9ef296a8c1143ad74627e59d83015ef7d8,3373,Bump sinon from 11.1.1 to 11.1.2,groups,Grouping dependencies,playcanvas/engine,0.3693055555555555
https://www.github.com/SmartBear/swaggerhub-cli/commit/9084c84c599fdd9ee941f1ac56f0f0a8424f334d,336,build(deps): bump @oclif/plugin-help from 5.2.14 to 5.2.15,groups:dev,Grouping dependencies,SmartBear/swaggerhub-cli,0.3796064814814814
https://www.github.com/scality/Arsenal/commit/af3fd17ec2eef9a061e088b4e6857946148d4801,2037,Bump socket.io-parser from 3.3.2 to 3.3.3,groups:family,Grouping dependencies,scality/Arsenal,201.95277777777775
https://www.github.com/ONSdigital/design-system/commit/71aa23b5d6c317be73cdc1b5d1e3744c4d4f27d9,3191,Bump browserify-sign from 4.2.1 to 4.2.3,groups,Grouping dependencies,ONSdigital/design-system,8.333020833333332
https://www.github.com/ldbv-by/bav4/commit/ec1d65af0a3db561f80ed918238bb541b95b105c,1494,build(deps-dev): bump playwright from 1.29.0 to 1.31.1,groups:dev,Grouping dependencies,ldbv-by/bav4,4.011481481481481
https://www.github.com/sweetalert2/sweetalert2-react-content/commit/af093e7d4cf06155bf29bb26d9570b6858dc054b,143,chore(deps): bump node-notifier from 8.0.0 to 8.0.1,groups,Grouping dependencies,sweetalert2/sweetalert2-react-content,0.049386574074074
https://www.github.com/apache/cordova-js/commit/fefb3e75bc14e840bd1bc973e6c75e525afe8d6e,260,Bump socket.io-parser from 4.0.4 to 4.0.5,groups:family,Grouping dependencies,apache/cordova-js,517.2531828703703
https://www.github.com/adobe/aio-theme/commit/031a16ba46b5fbd0a2630b093f321e7af1470d8b,1022,chore(deps-dev): Bump lerna from 5.3.0 to 5.4.0,others,Others,adobe/aio-theme,8.854409722222222
https://www.github.com/rmwc/rmwc/commit/524eada9dc53b59d68f0f0e2a181c7a238304f30,726,build(deps): bump y18n from 3.2.1 to 3.2.2,core-lib-major-upgrade,Upgraded along a core library,rmwc/rmwc,75.3805324074074
https://www.github.com/open-telemetry/opentelemetry.io/commit/266c5c88695a27977e67135b751502cc08c64394,5490,Bump markdownlint from 0.35.0 to 0.36.1,groups,Grouping dependencies,open-telemetry/opentelemetry.io,2.9606828703703703
https://www.github.com/timbeadle/grunt-tv4/commit/456539bb032345ac210bf9a53de08f937a4ae733,1233,Bump @snyk/protect from 1.1286.3 to 1.1287.0,bot:renovate,Upgraded by other bots,timbeadle/grunt-tv4,4.2927893518518525
https://www.github.com/mrhenry/core-web/commit/d7c2055f4fd4c8670c22070a19d34a8d042629ac,1464,Bump webpack from 5.75.0 to 5.76.0,groups,Grouping dependencies,mrhenry/core-web,3.897222222222222
https://www.github.com/third-culture-software/bhima/commit/3c3860c9e639dad2a2b3ea008f3ee981293b5bdf,8046,chore(deps): bump @ima-worldhealth/coral from 4.0.0 to 4.0.1,others,Others,third-culture-software/bhima,0.3853935185185185
https://www.github.com/WFCD/warframe-items/commit/37fb33f024ff1c3defc3be2d559ca144c19901a6,668,ci: bump warframe-patchlogs from 2.51.0 to 2.52.0,others,Others,WFCD/warframe-items,5.0277314814814815
https://www.github.com/rmwc/rmwc/commit/3aa9d2f12865be557f8d86244089ceeb3fb33099,757,build(deps): bump url-parse from 1.5.1 to 1.5.7,others,Others,rmwc/rmwc,3.7783564814814814
https://www.github.com/EasyPost/easypost-node/commit/7c34125264718bfce17906f1fc279fdeb27d8d0d,473,chore(deps-dev): bump webpack from 5.88.1 to 5.94.0,groups,Grouping dependencies,EasyPost/easypost-node,5.919189814814815
https://www.github.com/homewizard/api-documentation/commit/373f9248feda8d47a4457e282ab8330c99630b20,25,Bump @docusaurus/preset-classic from 3.0.0 to 3.0.1,groups:family,Grouping dependencies,homewizard/api-documentation,5.116388888888889
https://www.github.com/cybozu/eslint-config/commit/f9af48976d4664ec745915f3bd6d95bfc7dcd41b,824,chore(deps): bump @eslint/plugin-kit from 0.2.0 to 0.2.3,bot:renovate,Upgraded by other bots,cybozu/eslint-config,17.52366898148148
https://www.github.com/cylc/cylc-ui/commit/49efe0b60c6fd0785ba107f993b361f95923c88a,1578,Bump vite from 5.0.4 to 5.0.5,bot:renovate,Upgraded by other bots,cylc/cylc-ui,0.0002546296296296
https://www.github.com/nodejs/github-bot/commit/429c8056a192b6ea101454fc0c2125f8e5313c2d,562,build(deps-dev): bump fetch-mock from 11.1.5 to 12.0.1,required-source-code-changes,Required source code changes,nodejs/github-bot,4.456770833333334
https://www.github.com/cnumr/EcoIndex/commit/7a82a94fd9ace530faf5ee89bf3f4ab4db9a80a3,186,Bump @babel/core from 7.20.2 to 7.20.5,release-prep,Upgraded in the new release,cnumr/EcoIndex,0.3767592592592592
https://www.github.com/mrhenry/core-web/commit/f74bb07ff9e3652dd048aadd529b744b5ddef28e,1420,Bump @babel/traverse from 7.20.12 to 7.20.13,groups:family,Grouping dependencies,mrhenry/core-web,1.4184027777777777
https://www.github.com/NullVoxPopuli/eslint-plugin-decorator-position/commit/e00f4029ac578c52da1cbc8e01acec59f986319a,481,chore(deps): bump npm from 8.3.2 to 8.12.0,release-prep,Upgraded in the new release,NullVoxPopuli/eslint-plugin-decorator-position,35.699895833333336
https://www.github.com/readmeio/rdme/commit/49c3e76a094b74b7c8a74d33bd9113dced34111a,1007,chore(deps): bump semver from 7.6.0 to 7.6.2,groups,Grouping dependencies,readmeio/rdme,3.657210648148148
https://www.github.com/clappr/clappr/commit/4b42cd08b03ea443b6a851d116d22e3f6c23a204,1989,chore(deps): bump ini from 1.3.5 to 1.3.7,groups,Grouping dependencies,clappr/clappr,34.8902662037037
https://www.github.com/Apollon77/ioBroker.tuya/commit/7fab493cc18c446ed02209ecc672ff6ba5ae552a,316,chore(deps): bump @sentry/integrations from 6.9.0 to 6.10.0,groups,Grouping dependencies,Apollon77/ioBroker.tuya,35.637129629629634
https://www.github.com/playcanvas/engine/commit/7ce148b936db5b436b84228f53c183fcbdc019c1,3969,Bump @playcanvas/jsdoc-template from 1.0.21 to 1.0.22,others,Others,playcanvas/engine,0.1353703703703704
https://www.github.com/getyoti/yoti-node-sdk/commit/26959a682ff3cc62094a403f823c7a1b4cea99df,274,Bump eslint-plugin-import from 2.22.1 to 2.23.4,groups:family,Grouping dependencies,getyoti/yoti-node-sdk,457.47824074074066
https://www.github.com/AdguardTeam/FiltersCompiler/commit/dd500d856bf583e9f6e40c444d22d4bbf44f9562,98,Bump node-notifier from 8.0.0 to 8.0.1,groups,Grouping dependencies,AdguardTeam/FiltersCompiler,69.85972222222223
https://www.github.com/playcanvas/developer-site/commit/57ca93c74aebb1eb55120a445c1be38d5caa6640,637,Bump follow-redirects from 1.15.5 to 1.15.6,others,Others,playcanvas/developer-site,0.5312037037037037
https://www.github.com/Thorium-Sim/thorium/commit/3ccfce2ef845fb31774fc12ef52710fa4794048f,3390,chore(deps-dev): bump vite from 5.4.6 to 5.4.19,others,Others,Thorium-Sim/thorium,12.019351851851852
https://www.github.com/ScootKit/CustomDCBot/commit/bc06a0d444ea468d6428ec42b9bbbf1f1e34a226,53,Bump moment from 2.29.1 to 2.29.2,release-prep,Upgraded in the new release,ScootKit/CustomDCBot,20.030983796296297
https://www.github.com/mrhenry/core-web/commit/bb9e5cb44b3fe0218be31cedb2689d272924e017,1382,Bump eslint from 8.29.0 to 8.30.0,groups,Grouping dependencies,mrhenry/core-web,4.388402777777778
https://www.github.com/ipld/explore.ipld.io/commit/f822326f435e7fd2052990d7b31992d0814df062,99,chore(deps): bump qs from 6.5.2 to 6.5.3,others,Others,ipld/explore.ipld.io,49.70401620370371
https://www.github.com/mrhenry/core-web/commit/15244e0db722f76a2f639132dffae03ed985ead5,1365,Bump @mdn/browser-compat-data from 5.2.19 to 5.2.20,groups,Grouping dependencies,mrhenry/core-web,9.34425925925926
https://www.github.com/readmeio/rdme/commit/a39172b485041868ab696cee0fbad19dce51c4ec,934,chore(deps): bump ci-info from 3.9.0 to 4.0.0,groups,Grouping dependencies,readmeio/rdme,0.5824421296296297
https://www.github.com/mrhenry/core-web/commit/30b962b6dfb8993983458c634559583e6bdc0af4,1486,Bump postcss-preset-env from 8.0.1 to 8.1.0,groups:family,Grouping dependencies,mrhenry/core-web,25.27971064814815
https://www.github.com/jenkins-infra/plugin-site/commit/c6d6048cbf2911f8de0fd89e5baa19d53458e6d7,702,Bump babel-jest from 26.6.3 to 27.0.2,others,Others,jenkins-infra/plugin-site,11.348148148148148
https://www.github.com/SAP/webide-client-tools/commit/db2661d896f14897cda5f8dc6d72284d2fe0859a,134,Bump websocket-extensions from 0.1.3 to 0.1.4,groups:family,Grouping dependencies,SAP/webide-client-tools,280.7415625
https://www.github.com/sealninja/react-grid-system/commit/d69f9c3cf613532a4944e0142aaa2b888b5164e0,599,build(deps): bump @eslint/plugin-kit from 0.2.0 to 0.2.3,bot:depfu,Upgraded by other bots,sealninja/react-grid-system,0.992476851851852
https://www.github.com/msys2/setup-msys2/commit/b66de8482395bc4a82902e28097b73240ec91692,78,Bump eslint from 7.10.0 to 7.11.0,others,Others,msys2/setup-msys2,0.2577430555555555
https://www.github.com/ember-learn/ember-cli-addon-docs/commit/8583dde3bd60c956e8f14753baa1c57d92e02d30,1292,Bump eslint-plugin-ember from 10.6.1 to 11.0.0,groups:family,Grouping dependencies,ember-learn/ember-cli-addon-docs,132.79023148148147
https://www.github.com/lumigo-io/lumigo-node/commit/f64ce7419dcc8c412aadfc1fa16023d0dd9f2e95,342,chore(deps): bump follow-redirects from 1.14.5 to 1.14.7,others,Others,lumigo-io/lumigo-node,7.754305555555557
https://www.github.com/simatec/ioBroker.backitup/commit/267184bc7caffeb4d33bbb7ef921ca70148b2cf5,1037,chore(deps): bump fs-extra from 11.1.1 to 11.2.0,others,Others,simatec/ioBroker.backitup,0.382824074074074
https://www.github.com/testomatio/reporter/commit/1c1c159994d82708de9fa7c2687a4ff153751777,38,Bump path-parse from 1.0.6 to 1.0.7,others,Others,testomatio/reporter,139.74746527777776
https://www.github.com/nextcloud/twofactor_totp/commit/4d7f2387a3852a736ae5f5497806faae03fd8d93,1195,Bump @babel/core from 7.12.10 to 7.17.8,required-source-code-changes,Required source code changes,nextcloud/twofactor_totp,13.343344907407408
https://www.github.com/lumigo-io/lumigo-node/commit/969772b36c12146d9177d6429cd2f312c0c34d71,253,chore(deps-dev): bump @babel/preset-env from 7.13.9 to 7.13.12,groups:family,Grouping dependencies,lumigo-io/lumigo-node,42.39777777777778
https://www.github.com/Countly/countly-server/commit/04b36f5e1ba2c4d0e295b43a758e4551643b078d,5862,Bump puppeteer from 23.10.2 to 23.10.3,groups:family,Grouping dependencies,Countly/countly-server,7.330925925925926
https://www.github.com/Schmakus/ioBroker.lightcontrol/commit/191df0d0d350af0bf6564138e65c693c0dabcca3,46,Bump @types/sinon-chai from 3.2.8 to 3.2.9,groups:family,Grouping dependencies,Schmakus/ioBroker.lightcontrol,7.276805555555556
https://www.github.com/nextcloud/officeonline/commit/2dfb98745b2e423ed69c24f9eac2747115d6ee1a,486,chore(deps-dev): Bump @babel/traverse from 7.5.5 to 7.23.2,groups,Grouping dependencies,nextcloud/officeonline,579.5849421296297
https://www.github.com/getyoti/yoti-node-sdk/commit/26959a682ff3cc62094a403f823c7a1b4cea99df,291,Bump tmpl from 1.0.4 to 1.0.5,groups,Grouping dependencies,getyoti/yoti-node-sdk,345.1332638888889
https://www.github.com/timbeadle/grunt-tv4/commit/7c076eca325a39363c10cfd0fc0b8399fbf7dd53,958,build(deps-dev): bump eslint from 8.45.0 to 8.46.0,bot:renovate,Upgraded by other bots,timbeadle/grunt-tv4,0.4083912037037037
https://www.github.com/NullVoxPopuli/eslint-plugin-decorator-position/commit/e00f4029ac578c52da1cbc8e01acec59f986319a,482,chore(deps): bump semver-regex from 3.1.3 to 3.1.4,groups,Grouping dependencies,NullVoxPopuli/eslint-plugin-decorator-position,34.38234953703704
https://www.github.com/SAP/ui5-cli/commit/987d775bbcfc69d78d9f0449094436547b4a5b07,375,Bump jsdoc from 3.6.5 to 3.6.6,groups:dev,Grouping dependencies,SAP/ui5-cli,6.681967592592592
https://www.github.com/cylc/cylc-ui/commit/8ca4840023bf38177b8a7eb272219d045d0d240d,915,Bump cross-fetch from 3.1.4 to 3.1.5,others,Others,cylc/cylc-ui,0.3877083333333333
https://www.github.com/TurboWarp/desktop/commit/866feef6e57f78d7cb795d97eb15e9746a8528d3,978,Bump electron from 29.3.0 to 30.0.1,others,Others,TurboWarp/desktop,23.681516203703705
https://www.github.com/project-zot/zui/commit/9134e14b583718576c0cc15889b8bb2f29ba87e3,20,Bump terser from 5.12.1 to 5.14.2,others,Others,project-zot/zui,1.5509953703703705
https://www.github.com/domits1/Domits/commit/66f78804d67d00b8bb217d8db3af5b14c8f6cf9a,1712,Bump axios from 1.8.2 to 1.8.3,others,Others,domits1/Domits,0.2677314814814815
https://www.github.com/Chia-Network/cadt/commit/083cf6bb35ea51b63d2c9dd6809c4eff4be0afef,1205,chore(deps): bump socket.io from 4.8.0 to 4.8.1,groups:family,Grouping dependencies,Chia-Network/cadt,3.155358796296296
https://www.github.com/msys2/setup-msys2/commit/ea350ec7dc8431b4d957ca0b6c9c4ac5d2b062a5,266,Bump eslint from 8.28.0 to 8.29.0,others,Others,msys2/setup-msys2,0.2941782407407408
https://www.github.com/readmeio/rdme/commit/86005541815b1810f2483f15a2bd579e14b82619,830,chore(deps-dev): bump typescript from 5.1.3 to 5.1.6,groups,Grouping dependencies,readmeio/rdme,4.637800925925926
https://www.github.com/Agoric/agoric-sdk/commit/3ef71b35803c2771b7695a31ad34a820157d9351,10632,build(deps): bump path-to-regexp from 0.1.10 to 0.1.12,others,Others,Agoric/agoric-sdk,56.828402777777775
https://www.github.com/timbeadle/grunt-tv4/commit/c038f869592bb041f2611ed9bfbda0fa09299bc8,950,build(deps): bump @snyk/protect from 1.1190.0 to 1.1192.0,bot:renovate,Upgraded by other bots,timbeadle/grunt-tv4,0.3255787037037037
https://www.github.com/italia/api-oas-checker/commit/334daeaa642a9c60fd77abc05e8d87cc37bb21e5,295,chore(deps-dev): bump copy-webpack-plugin from 9.0.0 to 9.0.1,groups:dev,Grouping dependencies,italia/api-oas-checker,13.09310185185185
https://www.github.com/ever-co/ever-traduora/commit/93b1e3c887e9beb5121e022a4e1d1e8320db602e,421,build(deps-dev): bump webpack from 5.52.1 to 5.94.0,others,Others,ever-co/ever-traduora,48.28768518518518
https://www.github.com/readmeio/rdme/commit/49c3e76a094b74b7c8a74d33bd9113dced34111a,1011,chore(deps): bump oas from 24.3.1 to 24.3.6,groups,Grouping dependencies,readmeio/rdme,3.6564583333333336
https://www.github.com/mrhenry/core-web/commit/e3281b53c9e5cb04ae4a22bf18eabe757138d4ef,962,Bump @babel/cli from 7.16.8 to 7.17.0,groups:family,Grouping dependencies,mrhenry/core-web,0.3188425925925925
https://www.github.com/npm/make-fetch-happen/commit/0113d1f1908fb4bf3acba9ac3264561f0870e52a,313,deps: bump proc-log from 4.2.0 to 5.0.0,others,Others,npm/make-fetch-happen,21.43855324074074
https://www.github.com/ember-bootstrap/ember-bootstrap/commit/b3043d7e707dab2f0c810ebf9653e1377add72dc,1565,Bump striptags from 3.1.1 to 3.2.0,bug fixes,Fix bugs,ember-bootstrap/ember-bootstrap,54.045636574074074
https://www.github.com/DTStack/ko/commit/6bdf5a8d62adba3ac717e7318f7eef44d2cc453d,6,Bump lodash from 4.17.11 to 4.17.19,groups,Grouping dependencies,DTStack/ko,200.4557638888889
https://www.github.com/ldbv-by/bav4/commit/35842de82155f6695705cff216dfd6bac9f644fb,3154,build(deps-dev): bump prettier from 3.5.3 to 3.6.1,others,Others,ldbv-by/bav4,0.0051041666666666
https://www.github.com/playcanvas/engine/commit/3c51e669ed44039289144731f8c177d450a38398,4802,Bump @rollup/plugin-babel from 5.3.1 to 6.0.2,groups:family,Grouping dependencies,playcanvas/engine,0.3196527777777778
https://www.github.com/hitlug/mirror-web/commit/73db954253d3c5937465616e6cd84ea35f0067d4,104,build(deps): bump ws from 7.5.7 to 7.5.10,groups,Grouping dependencies,hitlug/mirror-web,181.3425462962963
https://www.github.com/Fdawgs/node-poppler/commit/e97b637778c604d3e8df095092e1eca169e94425,158,build(deps-dev): bump jest from 26.5.3 to 26.6.1,groups:dev,Grouping dependencies,Fdawgs/node-poppler,2.1403356481481484
https://www.github.com/WFCD/warframe-items/commit/12e4280ead84524beb528ec62193d3775bf36580,162,build(deps): Bump ini from 1.3.5 to 1.3.7,others,Others,WFCD/warframe-items,0.959050925925926
https://www.github.com/aesirxio/bi-app/commit/3504f8488fa1676a1319e4673590d6d3739bc1f5,96,Bump query-string from 7.1.3 to 8.1.0,others,Others,aesirxio/bi-app,0.2344212962962963
https://www.github.com/adopted-ember-addons/ember-launch-darkly/commit/10a57f59e2bfd92f64f07d0e0b70280f584fb9ae,418,Bump prettier from 2.8.4 to 2.8.7,change-lockfile,Create lockfile,adopted-ember-addons/ember-launch-darkly,736.6252430555556
https://www.github.com/terminusdb/terminusdb-client-js/commit/060a3dc92c3f82420313e42637f5be4c58c9cbea,290,Bump @babel/traverse from 7.19.3 to 7.23.2,groups:family,Grouping dependencies,terminusdb/terminusdb-client-js,31.214479166666663
https://www.github.com/i-love-flamingo/flamingo-carotene/commit/391eae73e125de1d433fcac4956c72c9bf8f1b1a,72,Bump terser from 4.6.11 to 5.14.2,others,Others,i-love-flamingo/flamingo-carotene,173.689537037037
https://www.github.com/lukso-network/docs/commit/1b47aac1a9c969dbfd037eda1c4b0d8d277c65d0,855,Bump @docusaurus/plugin-google-gtag from 3.1.0 to 3.1.1,groups:dev,Grouping dependencies,lukso-network/docs,0.2183912037037037
https://www.github.com/hiero-ledger/hiero-sdk-js/commit/d7c99d901370cbfdb05f46cbacfd4b3f9a618757,1388,chore(deps): bump protobufjs from 6.11.3 to 7.1.2,release-prep,Upgraded in the new release,hiero-ledger/hiero-sdk-js,20.017581018518516
https://www.github.com/LibreSign/libresign/commit/702cbf20be6c76a71b46645d43b01cf4157f681c,3344,chore(deps): Bump openapi-typescript from 6.7.6 to 7.0.2,others,Others,LibreSign/libresign,0.2675578703703704
https://www.github.com/ForestAdmin/forest-express-sequelize/commit/17f88895780401c2ee94cb8a0accc0ada5b1acfd,732,build(deps): bump ws from 7.4.4 to 7.4.6,others,Others,ForestAdmin/forest-express-sequelize,87.95788194444445
https://www.github.com/mrhenry/core-web/commit/70eb567463cd1d5d705b5494d4d68147dc314bcc,1296,Bump @babel/traverse from 7.19.3 to 7.19.4,groups:family,Grouping dependencies,mrhenry/core-web,2.3900462962962963
https://www.github.com/third-culture-software/bhima/commit/feececf5175d01a42a9ba07f1958a6e7ba95b175,7971,chore(deps-dev): bump postcss from 8.4.49 to 8.5.0,groups,Grouping dependencies,third-culture-software/bhima,4.505972222222223
https://www.github.com/peterbe/whatsdeployed/commit/8380762c1995c830a004fce21a15c9dfad717f2e,377,build(deps): bump express from 4.17.1 to 4.18.2,groups,Grouping dependencies,peterbe/whatsdeployed,278.87844907407407
https://www.github.com/azuwis/zigbee2mqtt-networkmap/commit/08de6ebc28f89e014b3af06d2513085fb6cd89d8,48,Bump semver from 5.7.1 to 5.7.2,groups,Grouping dependencies,azuwis/zigbee2mqtt-networkmap,175.76921296296294
https://www.github.com/sockjs/sockjs-client/commit/8478897fe9b3aaee49a2939a62bed2e0ae4be061,573,Bump follow-redirects from 1.12.1 to 1.14.8,others,Others,sockjs/sockjs-client,15.654675925925927
https://www.github.com/LibreSign/libresign/commit/d964be884980cf825fabd5447d9c65532f040fba,1844,Build(deps-dev): Bump @nextcloud/eslint-config from 8.2.1 to 8.3.0,groups,Grouping dependencies,LibreSign/libresign,0.0091435185185185
https://www.github.com/webpack-contrib/css-minimizer-webpack-plugin/commit/92a8a300610fd33d1afca526178833cf1ced7126,48,build(deps): bump node-notifier from 8.0.0 to 8.0.1,groups,Grouping dependencies,webpack-contrib/css-minimizer-webpack-plugin,17.361840277777777
https://www.github.com/mrhenry/core-web/commit/68730cdbf0a3dd3c99a089657c099a50db86cd5c,1610,Bump @mdn/browser-compat-data from 5.2.67 to 5.3.0,groups,Grouping dependencies,mrhenry/core-web,3.663877314814815
https://www.github.com/jellyfin/jellyfin-web/commit/d844c512a8287df3be5dd5128aadf0cdbd6a93cf,3289,Bump @babel/eslint-plugin from 7.14.5 to 7.16.5,groups:family,Grouping dependencies,jellyfin/jellyfin-web,0.4563078703703704
https://www.github.com/readmeio/rdme/commit/9756d95f510d05d2b4cdacddf91d509b287291e0,849,chore(deps-dev): bump @commitlint/cli from 17.6.6 to 17.6.7,groups:family,Grouping dependencies,readmeio/rdme,0.5882175925925925
https://www.github.com/facebook/Rapid/commit/7fd3bed37805763c4a98dbb063796f9f6a79f23b,1684,Bump @tmcw/togeojson from 6.0.0 to 6.0.1,groups,Grouping dependencies,facebook/Rapid,2.097465277777778
https://www.github.com/hiero-ledger/hiero-sdk-js/commit/e780c4f9e5ffa325c8fbb68e6fa35f80bed1eec1,1779,chore(deps-dev): bump typedoc from 0.23.28 to 0.24.8,others,Others,hiero-ledger/hiero-sdk-js,0.3977893518518519
https://www.github.com/mrhenry/core-web/commit/87231a49f64e1bfbbae01218e208c4c22d67b0a5,1316,Bump @webcomponents/shadycss from 1.11.0 to 1.11.1,groups:family,Grouping dependencies,mrhenry/core-web,10.71236111111111
https://www.github.com/reconmap/web-client/commit/397926c9f0622fbe24cf8e28f1ee0ec55390a9ac,205,Bump framer-motion from 7.6.19 to 7.7.2,groups,Grouping dependencies,reconmap/web-client,1.0628587962962963
https://www.github.com/torusresearch/torus-website/commit/c9872e09b2e58f6de9566b07743534c2590e84db,2232,Bump @walletconnect/utils from 2.4.7 to 2.4.10,groups:family,Grouping dependencies,torusresearch/torus-website,1.5220949074074073
https://www.github.com/reconmap/web-client/commit/62a19981ad7b7da0efb71bcc9fe6754ea83c79ec,180,Bump @types/react-dom from 18.0.6 to 18.0.7,groups:family,Grouping dependencies,reconmap/web-client,38.712187500000006
https://www.github.com/aiko-chan-ai/discord.js-selfbot-v13/commit/fad6d708b4f0ea3090479b43cfaaaea2dd80b0e8,200,chore(deps): bump discord-api-types from 0.36.1 to 0.36.2,release-prep,Upgraded in the new release,aiko-chan-ai/discord.js-selfbot-v13,0.9059722222222222
https://www.github.com/dhis2/capture-app/commit/90d2050ac6438e61636c00f74c3946499d1a0873,855,chore(deps): bump elliptic from 6.4.0 to 6.5.3,others,Others,dhis2/capture-app,0.6385995370370371
https://www.github.com/HSLdevcom/digitransit-ui/commit/57f07532ae681d185a8db4fdf660936883a56ab3,4137,chore(deps): bump url-parse from 1.4.7 to 1.5.1,others,Others,HSLdevcom/digitransit-ui,1.8703703703703705
https://www.github.com/timbeadle/grunt-tv4/commit/4f4c35458572164960b8f5266224d93d91c5347e,723,Bump prettier from 2.8.0 to 2.8.1,others,Others,timbeadle/grunt-tv4,1.4191782407407407
https://www.github.com/stellar/js-xdr/commit/f96a648669aebf5d8958896aad1fcd8571fa1403,35,Bump lodash from 4.17.11 to 4.17.13,groups,Grouping dependencies,stellar/js-xdr,36.77630787037037
https://www.github.com/release-it-plugins/lerna-changelog/commit/c155978623cc96f783e35db6aed2c874f901b986,225,Bump release-it from 15.1.3 to 15.2.0,different-version,Upgraded to a newer version,release-it-plugins/lerna-changelog,344.3455439814815
https://www.github.com/timbeadle/grunt-tv4/commit/f3b37c4d37124606cd176ad1355acf874ff09264,1249,Bump @snyk/protect from 1.1289.0 to 1.1290.0,bot:renovate,Upgraded by other bots,timbeadle/grunt-tv4,1.553425925925926
https://www.github.com/Fdawgs/node-poppler/commit/6a99b1e064168cc8c3a7f6319a5f1a401dcba9ab,141,build(deps-dev): bump eslint-plugin-jest from 23.20.0 to 24.0.2,groups:family,Grouping dependencies,Fdawgs/node-poppler,10.276145833333333
https://www.github.com/pnp/sp-editor/commit/7f8152d5b50b265bd832b69e8539679c3b247c10,3,Bump http-proxy from 1.17.0 to 1.18.1,release-prep,Upgraded in the new release,pnp/sp-editor,49.30023148148148
https://www.github.com/readmeio/rdme/commit/b8090fd082f3bdc8e456f77e9ee88c594739e434,723,chore(deps-dev): bump @types/jest from 29.2.4 to 29.2.5,groups:family,Grouping dependencies,readmeio/rdme,2.564490740740741
https://www.github.com/SAP/webide-client-tools/commit/25f9c6e388a6d5df2932af64441004cf6d309343,162,Bump ws from 5.2.2 to 5.2.3,groups,Grouping dependencies,SAP/webide-client-tools,104.6371875
https://www.github.com/i-love-flamingo/flamingo-carotene/commit/d422b085196e744d7daace6032ec4cf5775788b6,54,Bump node-sass from 5.0.0 to 7.0.0,groups:prod,Grouping dependencies,i-love-flamingo/flamingo-carotene,3.7861921296296295
https://www.github.com/getyoti/yoti-node-sdk/commit/bb79acb7fcb4fe7fb7178b03383b137a10213288,301,Bump node-forge from 0.10.0 to 1.2.1,required-source-code-changes,Required source code changes,getyoti/yoti-node-sdk,223.91774305555555
https://www.github.com/facebook/Rapid/commit/f893d4ee64c4a8925d1d53192e0a73d258298764,1091,Bump glob from 10.3.3 to 10.3.4,groups,Grouping dependencies,facebook/Rapid,0.0652546296296296
https://www.github.com/msys2/setup-msys2/commit/1365c1d937855a3b7e5f07de9e43339c53dbada3,142,Bump eslint from 7.27.0 to 7.28.0,others,Others,msys2/setup-msys2,1.0526157407407408
https://www.github.com/dawidd6/action-download-artifact/commit/bf251b5aa9c2f7eeb574a96ee720e24f801b7c11,292,build(deps): bump adm-zip from 0.5.13 to 0.5.14,groups,Grouping dependencies,dawidd6/action-download-artifact,7.244733796296296
https://www.github.com/conversejs/converse.js/commit/1e4937bf419d17efb9c5a93d1e2d10c1f843d6c6,3179,Bump webpack-merge from 5.8.0 to 5.9.0,groups:family,Grouping dependencies,conversejs/converse.js,1.1502314814814814
https://www.github.com/jaywcjlove/hotkeys-js/commit/4e1a1e963a67155012dee399b5951868d41fd2f4,281,build(deps): bump lodash from 4.17.19 to 4.17.21,groups,Grouping dependencies,jaywcjlove/hotkeys-js,5.003449074074074
https://www.github.com/ioBroker/ioBroker.node-red/commit/a244d4b1a0bf0fa1700068f9139805a397f783e1,495,Bump @types/node from 20.14.9 to 22.0.2,groups:family,Grouping dependencies,ioBroker/ioBroker.node-red,59.164178240740746
https://www.github.com/reconmap/web-client/commit/26ecbd550624ca343cb1c8706635724156158375,261,Bump @types/jest from 29.2.6 to 29.5.1,groups:family,Grouping dependencies,reconmap/web-client,38.97222222222222
https://www.github.com/Chia-Network/cadt/commit/1dc1ab5714d9b5031f6fd9f11b99e76452e2c65d,1276,build(deps-dev): bump @commitlint/cli from 19.6.1 to 19.7.1,groups:family,Grouping dependencies,Chia-Network/cadt,17.262581018518517
https://www.github.com/third-culture-software/bhima/commit/9f657f26ecdec7f1e4116af001a75dbabd85aafe,7700,chore(deps): bump debug from 4.3.6 to 4.3.7,groups,Grouping dependencies,third-culture-software/bhima,4.596851851851851
https://www.github.com/mrhenry/core-web/commit/1673b51cbba51cf9abc0083defd9a401d47704f5,1375,Bump postcss from 8.4.19 to 8.4.20,groups,Grouping dependencies,mrhenry/core-web,0.320011574074074
https://www.github.com/stormwarning/stylelint-config-recess-order/commit/c734150496f7bd6f40a59d2a90cb4e882c37ceb2,327,Upgrade: Bump eslint from 8.30.0 to 8.31.0,groups:dev,Grouping dependencies,stormwarning/stylelint-config-recess-order,44.22836805555555
https://www.github.com/openedx/paragon/commit/6f8f0c0c70cd72c5ea07796f5b780dfffe1eeb30,710,build(deps): bump sanitize-html from 1.27.3 to 2.3.2,bot:renovate,Upgraded by other bots,openedx/paragon,46.097314814814816
https://www.github.com/openedx/frontend-app-authoring/commit/564dcb8ebc3c5f56bbdfe8f98040f9a6a3a6e8d9,323,build(deps): bump terser from 5.14.1 to 5.14.2,groups,Grouping dependencies,openedx/frontend-app-authoring,32.50434027777778
https://www.github.com/clappr/clappr/commit/abca2c006881ed926e784592b3c8d0184af2f413,2092,build(deps): bump qs from 6.5.2 to 6.5.3,groups,Grouping dependencies,clappr/clappr,34.793865740740735
https://www.github.com/openstax/os-webview/commit/eb188efa1400fb86431cc9f9845eb60a21d94fad,2489,Bump @babel/traverse from 7.23.0 to 7.23.2,groups:family,Grouping dependencies,openstax/os-webview,18.26215277777778
https://www.github.com/readmeio/rdme/commit/40f56367723f9ffc894091eac99b2cd5b1221bb2,981,chore(deps-dev): bump @commitlint/config-conventional from 18.6.0 to 19.0.3,groups:family,Grouping dependencies,readmeio/rdme,0.6546875
https://www.github.com/adobe/aio-theme/commit/1daa35e5e0ec6d23f1231f4918e2a6c7ab26492f,954,chore(deps-dev): bump lerna from 4.0.0 to 5.1.6,groups:dev,Grouping dependencies,adobe/aio-theme,22.02451388888889
https://www.github.com/italia/api-oas-checker/commit/bf77e78d933e6345d9df3f49691a27c6b15ab84c,210,chore(deps-dev): bump webpack from 5.28.0 to 5.30.0,groups:family,Grouping dependencies,italia/api-oas-checker,24.107361111111107
https://www.github.com/jensweigele/ioBroker.yahka/commit/5016dc6377958d68ae3eaeb8a97b3b37f563af61,361,Bump nanoid from 3.1.23 to 3.3.1,groups,Grouping dependencies,jensweigele/ioBroker.yahka,0.0391782407407407
https://www.github.com/mrhenry/core-web/commit/2b5dbecbc8c5f50efc59c6fa0dad679b9c280a1e,968,Bump @types/node from 17.0.14 to 17.0.15,groups,Grouping dependencies,mrhenry/core-web,2.360335648148148
https://www.github.com/third-culture-software/bhima/commit/8b48a9e4870258196421d88c5c175099e28bff8c,7986,chore(deps): bump nodemailer from 6.9.16 to 6.10.0,groups,Grouping dependencies,third-culture-software/bhima,4.478043981481481
https://www.github.com/ardalis/DevIQ-gatsby/commit/d5d6766f688a918b14e8ae58132c23eb50e9b345,168,Bump gatsby from 4.24.4 to 4.25.6,others,Others,ardalis/DevIQ-gatsby,116.38747685185184
https://www.github.com/conversejs/converse.js/commit/27bc54855299cbe37b1037279a95b88779df2e03,2544,Bump mini-css-extract-plugin from 1.6.0 to 1.6.2,groups:dev,Grouping dependencies,conversejs/converse.js,0.0079398148148148
https://www.github.com/jaywcjlove/hotkeys-js/commit/ce461c9f303bf9b33c425d4f8aca19e95c4b7c82,408,build(deps): bump async from 2.6.3 to 2.6.4,groups,Grouping dependencies,jaywcjlove/hotkeys-js,228.8415625
https://www.github.com/italia/api-oas-checker/commit/0625c6fd8d8b78b55c2255d0f5d7bb130edbfe78,258,chore(deps-dev): bump webpack-bundle-analyzer from 4.4.1 to 4.4.2,groups,Grouping dependencies,italia/api-oas-checker,6.13287037037037
https://www.github.com/release-it-plugins/lerna-changelog/commit/50995bda18acbce297cda136cff55a07bb7d338c,296,Bump postcss from 8.4.25 to 8.4.31,groups,Grouping dependencies,release-it-plugins/lerna-changelog,48.782222222222224
https://www.github.com/mrhenry/core-web/commit/aeee9f80ea92323dde8bf761dd6353ed559f1c29,1565,Bump @types/babel__traverse from 7.18.5 to 7.20.0,groups:family,Grouping dependencies,mrhenry/core-web,0.5317939814814815
https://www.github.com/SAP/ui5-fs/commit/c1a4b2c6e7ef57e099dcc3c573ce929254c79536,611,[INTERNAL] Bump eslint-plugin-jsdoc from 50.6.17 to 50.7.0,different-version,Upgraded to a newer version,SAP/ui5-fs,0.7925115740740741
https://www.github.com/Theresmore-Automation/Theresmore-Automation/commit/6d0a6f3724ff33748ae205310ae2e2e3eb8a118f,114,Bump @babel/cli from 7.22.9 to 7.22.10,release-prep,Upgraded in the new release,Theresmore-Automation/Theresmore-Automation,211.13819444444445
https://www.github.com/ioBroker/ioBroker.node-red/commit/d47e1ea8fa5239029dffa5479459cb82d8b6b522,530,Bump node-red from 4.0.3 to 4.0.5,groups,Grouping dependencies,ioBroker/ioBroker.node-red,27.567569444444445
https://www.github.com/infracost/docs/commit/b04f6914252c84e4db4b54d6032dd1ae27faf7f2,434,chore(deps): bump @docusaurus/theme-common from 2.2.0 to 2.4.0,groups:family,Grouping dependencies,infracost/docs,170.91863425925928
https://www.github.com/cylc/cylc-ui/commit/336cd8e04d1fd61b62b19d1d3c38d6c6e21748a5,799,Bump sass from 1.41.1 to 1.42.1,groups:dev,Grouping dependencies,cylc/cylc-ui,20.15300925925926
https://www.github.com/aesirxio/bi-app/commit/ca29a46ff22516f7f8edc3a933ce2ce1bf29b013,305,Bump react-to-print from 2.14.13 to 2.14.15,groups,Grouping dependencies,aesirxio/bi-app,147.52743055555555
https://www.github.com/facebook/Rapid/commit/96de6199902f977a6a384d9d4181e7d47fe9625f,748,Bump @tmcw/togeojson from 5.5.0 to 5.6.0,groups,Grouping dependencies,facebook/Rapid,18.193969907407407
https://www.github.com/hiero-ledger/hiero-sdk-js/commit/a2a80c79f07a0c46bc320763079993ab39bf04e8,1039,chore(deps-dev): bump chromedriver from 99.0.0 to 100.0.0,release-prep,Upgraded in the new release,hiero-ledger/hiero-sdk-js,1.049363425925926
https://www.github.com/palacms/PalaCMS/commit/e1f574bcd7ac5df9865b98bbd417e3cc133ed00a,405,Bump vite from 4.4.8 to 4.5.9,release-prep,Upgraded in the new release,palacms/PalaCMS,33.679513888888884
https://www.github.com/Schmakus/ioBroker.lightcontrol/commit/62c8bfa6302b6d9c3e3fefb7b0779db427432a3e,92,Bump prettier from 2.8.2 to 2.8.3,groups,Grouping dependencies,Schmakus/ioBroker.lightcontrol,16.512800925925927
https://www.github.com/nimiq/keyguard/commit/3389f50ad5a6aa1c207729b8045a4ce3a1938a39,380,Bump handlebars from 4.1.0 to 4.5.1,groups,Grouping dependencies,nimiq/keyguard,0.007974537037037
https://www.github.com/XRPLF/xrpl-dev-portal/commit/377bb205d71c7d59f0328d9db6220b35a215e5ff,2758,Bump axios from 1.6.2 to 1.7.4,groups,Grouping dependencies,XRPLF/xrpl-dev-portal,0.1226273148148148
https://www.github.com/webex/webex-js-sdk/commit/f6e9d268ec7a33890e963fbc9398b7b98d829479,2389,build(deps): bump file-type from 16.5.3 to 16.5.4,groups,Grouping dependencies,webex/webex-js-sdk,18.283217592592592
https://www.github.com/stormwarning/stylelint-config-recess-order/commit/45081d035ec04cba02d1461a73e835b91d05ea37,270,📦 Bump eslint from 7.32.0 to 8.2.0,groups:dev,Grouping dependencies,stormwarning/stylelint-config-recess-order,200.38324074074072
https://www.github.com/readthedocs/ethical-ad-client/commit/1351fa81242f620b606b86caf236d1621db81b63,139,Bump minimatch from 0.2.14 to 3.0.8,others,Others,readthedocs/ethical-ad-client,133.91465277777775
https://www.github.com/robhurring/hubot-redmine/commit/b38d23f46ca14e7ec731b0629d048185e334da19,64,Bump vm2 from 3.9.15 to 3.9.16,groups,Grouping dependencies,robhurring/hubot-redmine,53.273726851851855
https://www.github.com/project-zot/zui/commit/907d021c2f0d146a167c1e90a0ded1fbb2c5c7da,242,build(deps): Bump loader-utils from 1.4.0 to 1.4.1,others,Others,project-zot/zui,0.3763888888888889
https://www.github.com/SAP/ui5-cli/commit/489341b92eaef05a3f252aeb5c7d45c6cb00a176,710,[INTERNAL] Bump eslint-plugin-jsdoc from 48.2.13 to 48.2.15,others,Others,SAP/ui5-cli,0.8927083333333333
https://www.github.com/pegasystems/react-sdk/commit/0a92543e75c864b86d0bc6da71150b29287313cf,355,Bump stylelint from 14.16.1 to 15.10.1,core-lib-major-upgrade,Upgraded along a core library,pegasystems/react-sdk,189.75983796296296
https://www.github.com/Nexusoft/NexusInterface/commit/c65fb561daf3fbe1cf6ca9a0c326ae90fc434437,141,Bump axios from 0.19.2 to 0.21.1,others,Others,Nexusoft/NexusInterface,0.6802430555555555
https://www.github.com/readthedocs/ethical-ad-client/commit/42ab45ccc114e2c99113360086388e820a85925c,140,Bump loader-utils from 1.4.0 to 1.4.1,groups,Grouping dependencies,readthedocs/ethical-ad-client,127.39665509259258
https://www.github.com/stoplightio/spectral-action/commit/64f1f461ceb9dab8351eb1211df0b2a79547ecb9,627,chore(deps): bump urijs from 1.19.6 to 1.19.8,groups,Grouping dependencies,stoplightio/spectral-action,90.3418287037037
https://www.github.com/Chia-Network/cadt/commit/db4e27a01e1786066a9b564af6eb234ac4b3ce77,1102,build(deps-dev): bump @babel/register from 7.23.7 to 7.24.6,groups:family,Grouping dependencies,Chia-Network/cadt,3.2152199074074077
https://www.github.com/Patternslib/Patterns/commit/d3a8040f1ee26be150e9a245565b7dcadd23c634,789,Bump ini from 1.3.5 to 1.3.8,groups,Grouping dependencies,Patternslib/Patterns,114.50149305555556
https://www.github.com/denisecase/node-express-mvc/commit/f3c8c09514af396defe7ed178ec7dc5ae9161cc0,109,Bump hosted-git-info from 2.8.8 to 2.8.9,bot:snyk,Upgraded by other bots,denisecase/node-express-mvc,78.00445601851852
https://www.github.com/timbru31/spigot-anti-piracy-backend/commit/c81b0b9d9d96f48106f145fb4e01e79f018ab982,785,build(deps-dev): bump nodemon from 2.0.21 to 2.0.22,groups,Grouping dependencies,timbru31/spigot-anti-piracy-backend,0.1219791666666666
https://www.github.com/onflow/fcl-js/commit/e1999731004915fbcd158dce3d033d140fce41a7,1432,Bump glob-parent from 3.1.0 to 5.1.2,others,Others,onflow/fcl-js,0.0951388888888888
https://www.github.com/playcanvas/engine/commit/4840a43a5ffebb0d3ce8ad0012fcee01d9612f0f,4556,Bump @rollup/plugin-babel from 5.3.0 to 5.3.1,others,Others,playcanvas/engine,0.0223032407407407
https://www.github.com/Chia-Network/cadt/commit/083cf6bb35ea51b63d2c9dd6809c4eff4be0afef,1204,chore(deps-dev): bump socket.io-client from 4.8.0 to 4.8.1,groups:family,Grouping dependencies,Chia-Network/cadt,3.155462962962963
